Time,Temperature (°C),Humidity (%)
2024-02-07 19:00:00,17.1,31.5
2024-02-07 19:01:00,17.1,31.6
2024-02-07 19:02:00,17.1,31.9
2024-02-07 19:03:00,16.9,32.0
2024-02-07 19:04:00,16.9,32.2
2024-02-07 19:05:00,16.8,32.3
2024-02-07 19:06:00,16.9,32.6
2024-02-07 19:07:00,17.0,32.8
2024-02-07 19:08:00,17.1,32.9
2024-02-07 19:09:00,16.9,32.8
2024-02-07 19:10:00,17.0,33.1
2024-02-07 19:11:00,16.9,33.3
2024-02-07 19:12:00,16.9,33.5
2024-02-07 19:13:00,16.9,33.7
2024-02-07 19:14:00,17.0,33.8
2024-02-07 19:15:00,17.0,33.9
2024-02-07 19:16:00,16.8,34.0
2024-02-07 19:17:00,16.9,34.2
2024-02-07 19:18:00,16.7,34.4
2024-02-07 19:19:00,17.1,34.4
2024-02-07 19:20:00,16.7,34.6
2024-02-07 19:21:00,16.8,34.9
2024-02-07 19:22:00,16.9,34.9
2024-02-07 19:23:00,16.6,34.9
2024-02-07 19:24:00,16.9,35.1
2024-02-07 19:25:00,16.7,35.3
2024-02-07 19:26:00,16.7,35.4
2024-02-07 19:27:00,16.6,35.6
2024-02-07 19:28:00,16.7,35.6
2024-02-07 19:29:00,16.6,35.9
2024-02-07 19:30:00,16.9,35.9
2024-02-07 19:31:00,16.8,35.9
2024-02-07 19:32:00,16.8,36.2
2024-02-07 19:33:00,16.5,36.1
2024-02-07 19:34:00,16.7,36.3
2024-02-07 19:35:00,16.6,36.4
2024-02-07 19:36:00,16.8,36.5
2024-02-07 19:37:00,16.6,36.6
2024-02-07 19:38:00,16.5,36.9
2024-02-07 19:39:00,16.7,36.9
2024-02-07 19:40:00,16.6,37.2
2024-02-07 19:41:00,16.7,37.1
2024-02-07 19:42:00,16.5,37.3
2024-02-07 19:43:00,16.5,37.3
2024-02-07 19:44:00,16.6,37.3
2024-02-07 19:45:00,16.5,37.5
2024-02-07 19:46:00,16.4,37.5
2024-02-07 19:47:00,16.7,37.7
2024-02-07 19:48:00,16.5,37.8
2024-02-07 19:49:00,16.5,37.9
2024-02-07 19:50:00,16.5,37.9
2024-02-07 19:51:00,16.4,38.0
2024-02-07 19:52:00,16.5,38.0
2024-02-07 19:53:00,16.5,38.2
2024-02-07 19:54:00,16.5,38.2
2024-02-07 19:55:00,16.7,38.3
2024-02-07 19:56:00,16.7,38.5
2024-02-07 19:57:00,16.4,38.6
2024-02-07 19:58:00,16.4,38.7
2024-02-07 19:59:00,16.6,38.7
2024-02-07 20:00:00,16.5,38.9
2024-02-07 20:01:00,16.6,38.8
2024-02-07 20:02:00,16.5,39.0
2024-02-07 20:03:00,16.6,39.1
2024-02-07 20:04:00,16.4,39.1
2024-02-07 20:05:00,16.4,39.3
2024-02-07 20:06:00,16.4,39.3
2024-02-07 20:07:00,16.4,39.4
2024-02-07 20:08:00,16.6,39.5
2024-02-07 20:09:00,16.5,39.7
2024-02-07 20:10:00,16.5,39.5
2024-02-07 20:11:00,16.5,39.7
2024-02-07 20:12:00,16.5,39.7
2024-02-07 20:13:00,16.2,39.8
2024-02-07 20:14:00,16.3,39.9
2024-02-07 20:15:00,16.4,40.0
2024-02-07 20:16:00,16.3,39.9
2024-02-07 20:17:00,16.2,40.1
2024-02-07 20:18:00,16.3,40.1
2024-02-07 20:19:00,16.6,40.2
2024-02-07 20:20:00,16.2,40.1
2024-02-07 20:21:00,16.4,40.3
2024-02-07 20:22:00,16.3,40.5
2024-02-07 20:23:00,16.6,40.5
2024-02-07 20:24:00,16.5,40.4
2024-02-07 20:25:00,16.5,40.7
2024-02-07 20:26:00,16.4,40.6
2024-02-07 20:27:00,16.4,40.9
2024-02-07 20:28:00,16.5,40.6
2024-02-07 20:29:00,16.2,41.0
2024-02-07 20:30:00,16.5,41.0
2024-02-07 20:31:00,16.4,41.1
2024-02-07 20:32:00,16.3,41.3
2024-02-07 20:33:00,16.3,41.0
2024-02-07 20:34:00,16.4,41.1
2024-02-07 20:35:00,16.4,41.2
2024-02-07 20:36:00,16.4,41.3
2024-02-07 20:37:00,16.3,41.3
2024-02-07 20:38:00,16.2,41.4
2024-02-07 20:39:00,16.2,41.6
2024-02-07 20:40:00,16.2,41.4
2024-02-07 20:41:00,16.3,41.7
2024-02-07 20:42:00,16.2,41.7
2024-02-07 20:43:00,16.2,41.7
2024-02-07 20:44:00,16.3,41.7
2024-02-07 20:45:00,16.3,41.8
2024-02-07 20:46:00,16.2,41.8
2024-02-07 20:47:00,16.3,41.9
2024-02-07 20:48:00,16.3,42.0
2024-02-07 20:49:00,16.1,42.0
2024-02-07 20:50:00,16.3,42.1
2024-02-07 20:51:00,16.1,42.1
2024-02-07 20:52:00,16.1,42.1
2024-02-07 20:53:00,16.4,42.3
2024-02-07 20:54:00,16.4,42.3
2024-02-07 20:55:00,16.2,42.3
2024-02-07 20:56:00,16.5,42.4
2024-02-07 20:57:00,16.3,42.4
2024-02-07 20:58:00,16.4,42.5
2024-02-07 20:59:00,16.4,42.6
2024-02-07 21:00:00,16.2,42.4
2024-02-07 21:01:00,16.2,42.7
2024-02-07 21:02:00,16.3,42.7
2024-02-07 21:03:00,16.4,42.7
2024-02-07 21:04:00,16.2,42.9
2024-02-07 21:05:00,16.3,43.0
2024-02-07 21:06:00,16.2,42.9
2024-02-07 21:07:00,16.3,42.9
2024-02-07 21:08:00,16.2,43.1
2024-02-07 21:09:00,16.2,42.9
2024-02-07 21:10:00,16.3,43.1
2024-02-07 21:11:00,16.2,43.1
2024-02-07 21:12:00,16.4,43.2
2024-02-07 21:13:00,16.3,43.2
2024-02-07 21:14:00,16.1,43.1
2024-02-07 21:15:00,16.3,43.3
2024-02-07 21:16:00,16.1,43.4
2024-02-07 21:17:00,16.0,43.5
2024-02-07 21:18:00,16.2,43.4
2024-02-07 21:19:00,16.3,43.6
2024-02-07 21:20:00,16.2,43.6
2024-02-07 21:21:00,16.2,43.6
2024-02-07 21:22:00,16.3,43.6
2024-02-07 21:23:00,16.3,43.7
2024-02-07 21:24:00,16.3,43.7
2024-02-07 21:25:00,16.2,43.8
2024-02-07 21:26:00,16.3,44.0
2024-02-07 21:27:00,16.2,43.9
2024-02-07 21:28:00,16.2,43.8
2024-02-07 21:29:00,16.1,43.9
2024-02-07 21:30:00,16.1,44.0
2024-02-07 21:31:00,15.9,44.1
2024-02-07 21:32:00,16.2,44.0
2024-02-07 21:33:00,16.1,44.2
2024-02-07 21:34:00,16.3,44.1
2024-02-07 21:35:00,16.1,44.2
2024-02-07 21:36:00,16.1,44.3
2024-02-07 21:37:00,16.3,44.4
2024-02-07 21:38:00,15.9,44.3
2024-02-07 21:39:00,16.0,44.4
2024-02-07 21:40:00,16.2,44.4
2024-02-07 21:41:00,16.0,44.4
2024-02-07 21:42:00,16.2,44.6
2024-02-07 21:43:00,16.2,44.6
2024-02-07 21:44:00,16.1,44.6
2024-02-07 21:45:00,16.1,44.5
2024-02-07 21:46:00,15.9,44.7
2024-02-07 21:47:00,16.1,44.7
2024-02-07 21:48:00,16.1,44.6
2024-02-07 21:49:00,16.1,44.7
2024-02-07 21:50:00,16.1,44.8
2024-02-07 21:51:00,16.2,44.8
2024-02-07 21:52:00,16.2,44.9
2024-02-07 21:53:00,16.0,44.9
2024-02-07 21:54:00,16.2,44.9
2024-02-07 21:55:00,16.2,45.0
2024-02-07 21:56:00,16.2,44.9
2024-02-07 21:57:00,16.0,45.0
2024-02-07 21:58:00,16.0,45.1
2024-02-07 21:59:00,16.1,45.2
2024-02-07 22:00:00,16.0,45.1
2024-02-07 22:01:00,16.0,45.2
2024-02-07 22:02:00,16.2,45.2
2024-02-07 22:03:00,16.2,45.3
2024-02-07 22:04:00,16.0,45.4
2024-02-07 22:05:00,16.1,45.5
2024-02-07 22:06:00,16.0,45.3
2024-02-07 22:07:00,16.2,45.4
2024-02-07 22:08:00,16.1,45.6
2024-02-07 22:09:00,15.9,45.5
2024-02-07 22:10:00,16.1,45.5
2024-02-07 22:11:00,16.1,45.6
2024-02-07 22:12:00,16.0,45.7
2024-02-07 22:13:00,16.0,45.7
2024-02-07 22:14:00,16.0,45.6
2024-02-07 22:15:00,16.0,45.7
2024-02-07 22:16:00,16.2,45.7
2024-02-07 22:17:00,15.9,45.8
2024-02-07 22:18:00,16.0,45.8
2024-02-07 22:19:00,16.0,45.8
2024-02-07 22:20:00,15.9,45.9
2024-02-07 22:21:00,16.0,45.9
2024-02-07 22:22:00,16.0,46.0
2024-02-07 22:23:00,16.0,46.0
2024-02-07 22:24:00,16.1,46.2
2024-02-07 22:25:00,16.0,46.0
2024-02-07 22:26:00,15.9,46.1
2024-02-07 22:27:00,16.0,46.1
2024-02-07 22:28:00,15.9,46.1
2024-02-07 22:29:00,16.0,46.2
2024-02-07 22:30:00,16.1,46.2
2024-02-07 22:31:00,16.0,46.3
2024-02-07 22:32:00,16.1,46.3
2024-02-07 22:33:00,15.9,46.2
2024-02-07 22:34:00,15.8,46.4
2024-02-07 22:35:00,16.1,46.4
2024-02-07 22:36:00,15.9,46.5
2024-02-07 22:37:00,15.9,46.4
2024-02-07 22:38:00,16.0,46.7
2024-02-07 22:39:00,16.0,46.5
2024-02-07 22:40:00,16.0,46.5
2024-02-07 22:41:00,16.0,46.5
2024-02-07 22:42:00,16.1,46.7
2024-02-07 22:43:00,15.9,46.6
2024-02-07 22:44:00,15.8,46.8
2024-02-07 22:45:00,16.1,46.7
2024-02-07 22:46:00,16.0,46.7
2024-02-07 22:47:00,15.9,46.8
2024-02-07 22:48:00,15.9,46.7
2024-02-07 22:49:00,16.0,46.9
2024-02-07 22:50:00,15.9,47.0
2024-02-07 22:51:00,15.9,46.9
2024-02-07 22:52:00,15.9,46.9
2024-02-07 22:53:00,15.9,46.9
2024-02-07 22:54:00,15.9,47.0
2024-02-07 22:55:00,15.9,46.8
2024-02-07 22:56:00,16.0,47.2
2024-02-07 22:57:00,15.9,47.1
2024-02-07 22:58:00,16.1,47.0
2024-02-07 22:59:00,16.0,46.9
2024-02-07 23:00:00,16.0,47.1
2024-02-07 23:01:00,15.9,46.9
2024-02-07 23:02:00,15.9,47.1
2024-02-07 23:03:00,15.9,47.3
2024-02-07 23:04:00,15.9,47.3
2024-02-07 23:05:00,15.9,47.2
2024-02-07 23:06:00,16.0,47.3
2024-02-07 23:07:00,16.0,47.3
2024-02-07 23:08:00,16.0,47.5
2024-02-07 23:09:00,15.9,47.6
2024-02-07 23:10:00,15.8,47.4
2024-02-07 23:11:00,15.9,47.3
2024-02-07 23:12:00,15.9,47.3
2024-02-07 23:13:00,15.9,47.6
2024-02-07 23:14:00,16.0,47.5
2024-02-07 23:15:00,16.0,47.5
2024-02-07 23:16:00,16.1,47.7
2024-02-07 23:17:00,15.8,47.6
2024-02-07 23:18:00,16.0,47.6
2024-02-07 23:19:00,15.9,47.6
2024-02-07 23:20:00,15.9,47.7
2024-02-07 23:21:00,15.7,47.7
2024-02-07 23:22:00,15.8,47.9
2024-02-07 23:23:00,15.8,47.8
2024-02-07 23:24:00,16.0,47.7
2024-02-07 23:25:00,15.9,47.9
2024-02-07 23:26:00,15.8,47.8
2024-02-07 23:27:00,15.9,47.9
2024-02-07 23:28:00,15.9,47.9
2024-02-07 23:29:00,15.7,47.8
2024-02-07 23:30:00,15.8,47.9
2024-02-07 23:31:00,15.8,48.0
2024-02-07 23:32:00,15.9,48.0
2024-02-07 23:33:00,15.6,48.1
2024-02-07 23:34:00,15.9,48.0
2024-02-07 23:35:00,15.8,48.1
2024-02-07 23:36:00,15.9,48.0
2024-02-07 23:37:00,16.0,48.2
2024-02-07 23:38:00,16.0,48.1
2024-02-07 23:39:00,16.0,48.2
2024-02-07 23:40:00,15.9,48.1
2024-02-07 23:41:00,15.8,48.3
2024-02-07 23:42:00,15.7,48.3
2024-02-07 23:43:00,15.9,48.3
2024-02-07 23:44:00,15.8,48.2
2024-02-07 23:45:00,15.8,48.3
2024-02-07 23:46:00,15.8,48.4
2024-02-07 23:47:00,15.7,48.2
2024-02-07 23:48:00,16.0,48.4
2024-02-07 23:49:00,15.9,48.4
2024-02-07 23:50:00,15.9,48.5
2024-02-07 23:51:00,15.8,48.3
2024-02-07 23:52:00,15.9,48.4
2024-02-07 23:53:00,15.9,48.6
2024-02-07 23:54:00,16.0,48.4
2024-02-07 23:55:00,15.9,48.7
2024-02-07 23:56:00,15.7,48.6
2024-02-07 23:57:00,16.0,48.8
2024-02-07 23:58:00,15.8,48.7
2024-02-07 23:59:00,15.8,48.7
2024-02-08 00:00:00,15.9,48.7
2024-02-08 00:01:00,15.7,48.8
2024-02-08 00:02:00,15.8,48.9
2024-02-08 00:03:00,15.9,48.8
2024-02-08 00:04:00,15.8,48.7
2024-02-08 00:05:00,15.8,48.9
2024-02-08 00:06:00,15.8,48.9
2024-02-08 00:07:00,15.7,49.0
2024-02-08 00:08:00,15.8,48.8
2024-02-08 00:09:00,15.8,49.0
2024-02-08 00:10:00,15.8,48.9
2024-02-08 00:11:00,15.8,48.8
2024-02-08 00:12:00,15.7,48.9
2024-02-08 00:13:00,15.7,48.9
2024-02-08 00:14:00,15.9,48.9
2024-02-08 00:15:00,15.8,49.0
2024-02-08 00:16:00,15.8,49.1
2024-02-08 00:17:00,15.9,49.1
2024-02-08 00:18:00,16.0,49.1
2024-02-08 00:19:00,15.8,49.1
2024-02-08 00:20:00,15.9,49.1
2024-02-08 00:21:00,15.9,49.2
2024-02-08 00:22:00,15.8,49.0
2024-02-08 00:23:00,16.0,49.4
2024-02-08 00:24:00,15.6,49.2
2024-02-08 00:25:00,15.8,49.2
2024-02-08 00:26:00,15.8,49.2
2024-02-08 00:27:00,15.8,49.3
2024-02-08 00:28:00,15.8,49.4
2024-02-08 00:29:00,16.0,49.3
2024-02-08 00:30:00,15.9,49.5
2024-02-08 00:31:00,15.7,49.4
2024-02-08 00:32:00,15.7,49.4
2024-02-08 00:33:00,15.7,49.4
2024-02-08 00:34:00,15.8,49.5
2024-02-08 00:35:00,15.9,49.3
2024-02-08 00:36:00,15.7,49.4
2024-02-08 00:37:00,15.9,49.4
2024-02-08 00:38:00,15.9,49.5
2024-02-08 00:39:00,15.8,49.5
2024-02-08 00:40:00,16.0,49.6
2024-02-08 00:41:00,15.7,49.6
2024-02-08 00:42:00,16.0,49.6
2024-02-08 00:43:00,16.0,49.7
2024-02-08 00:44:00,15.8,49.7
2024-02-08 00:45:00,15.7,49.6
2024-02-08 00:46:00,15.7,49.7
2024-02-08 00:47:00,15.6,49.8
2024-02-08 00:48:00,15.8,49.7
2024-02-08 00:49:00,15.8,49.8
2024-02-08 00:50:00,15.9,49.6
2024-02-08 00:51:00,15.6,50.0
2024-02-08 00:52:00,15.6,49.8
2024-02-08 00:53:00,15.8,49.8
2024-02-08 00:54:00,15.9,50.1
2024-02-08 00:55:00,15.7,49.8
2024-02-08 00:56:00,15.7,50.0
2024-02-08 00:57:00,15.9,50.0
2024-02-08 00:58:00,15.7,49.8
2024-02-08 00:59:00,16.0,49.9
2024-02-08 01:00:00,15.8,49.9
2024-02-08 01:01:00,15.7,50.0
2024-02-08 01:02:00,15.7,50.0
2024-02-08 01:03:00,15.8,50.1
2024-02-08 01:04:00,15.7,49.9
2024-02-08 01:05:00,15.9,50.0
2024-02-08 01:06:00,15.7,49.9
2024-02-08 01:07:00,15.7,50.0
2024-02-08 01:08:00,15.6,50.0
2024-02-08 01:09:00,15.7,50.0
2024-02-08 01:10:00,15.7,50.0
2024-02-08 01:11:00,15.8,49.8
2024-02-08 01:12:00,15.7,50.0
2024-02-08 01:13:00,15.9,50.0
2024-02-08 01:14:00,15.8,50.0
2024-02-08 01:15:00,15.6,50.0
2024-02-08 01:16:00,15.8,49.9
2024-02-08 01:17:00,15.6,49.9
2024-02-08 01:18:00,15.8,50.0
2024-02-08 01:19:00,15.8,50.1
2024-02-08 01:20:00,15.9,50.0
2024-02-08 01:21:00,15.6,50.0
2024-02-08 01:22:00,15.6,50.0
2024-02-08 01:23:00,15.8,49.9
2024-02-08 01:24:00,16.0,49.9
2024-02-08 01:25:00,16.0,49.9
2024-02-08 01:26:00,15.6,50.1
2024-02-08 01:27:00,15.8,50.1
2024-02-08 01:28:00,15.6,50.0
2024-02-08 01:29:00,15.8,50.2
2024-02-08 01:30:00,15.7,50.0
2024-02-08 01:31:00,15.9,50.0
2024-02-08 01:32:00,15.8,50.1
2024-02-08 01:33:00,15.7,50.1
2024-02-08 01:34:00,15.8,50.1
2024-02-08 01:35:00,15.6,50.1
2024-02-08 01:36:00,15.8,49.9
2024-02-08 01:37:00,15.9,49.9
2024-02-08 01:38:00,15.8,50.0
2024-02-08 01:39:00,15.8,49.9
2024-02-08 01:40:00,15.8,50.0
2024-02-08 01:41:00,15.7,49.8
2024-02-08 01:42:00,15.6,49.9
2024-02-08 01:43:00,15.7,50.0
2024-02-08 01:44:00,15.9,50.0
2024-02-08 01:45:00,15.8,50.1
2024-02-08 01:46:00,15.7,49.9
2024-02-08 01:47:00,15.8,50.0
2024-02-08 01:48:00,15.8,50.0
2024-02-08 01:49:00,15.7,50.1
2024-02-08 01:50:00,15.7,50.0
2024-02-08 01:51:00,15.9,50.0
2024-02-08 01:52:00,15.9,50.0
2024-02-08 01:53:00,15.7,50.0
2024-02-08 01:54:00,15.7,50.0
2024-02-08 01:55:00,15.8,49.9
2024-02-08 01:56:00,15.7,50.0
2024-02-08 01:57:00,15.7,49.9
2024-02-08 01:58:00,15.7,50.1
2024-02-08 01:59:00,15.8,50.0
2024-02-08 02:00:00,15.6,50.1
2024-02-08 02:01:00,15.8,49.9
2024-02-08 02:02:00,15.9,50.0
2024-02-08 02:03:00,15.8,49.9
2024-02-08 02:04:00,15.7,50.0
2024-02-08 02:05:00,15.8,49.8
2024-02-08 02:06:00,15.8,49.7
2024-02-08 02:07:00,15.7,49.9
2024-02-08 02:08:00,15.8,49.8
2024-02-08 02:09:00,15.9,49.9
2024-02-08 02:10:00,15.9,49.8
2024-02-08 02:11:00,15.7,49.8
2024-02-08 02:12:00,15.9,49.7
2024-02-08 02:13:00,15.7,49.8
2024-02-08 02:14:00,15.8,49.7
2024-02-08 02:15:00,15.8,49.6
2024-02-08 02:16:00,15.9,49.7
2024-02-08 02:17:00,15.8,49.6
2024-02-08 02:18:00,15.7,49.6
2024-02-08 02:19:00,15.7,49.5
2024-02-08 02:20:00,15.8,49.6
2024-02-08 02:21:00,15.7,49.5
2024-02-08 02:22:00,15.8,49.4
2024-02-08 02:23:00,15.8,49.4
2024-02-08 02:24:00,15.7,49.3
2024-02-08 02:25:00,15.8,49.4
2024-02-08 02:26:00,15.8,49.3
2024-02-08 02:27:00,15.7,49.4
2024-02-08 02:28:00,15.8,49.3
2024-02-08 02:29:00,15.9,49.4
2024-02-08 02:30:00,15.6,49.2
2024-02-08 02:31:00,15.8,49.1
2024-02-08 02:32:00,15.8,49.3
2024-02-08 02:33:00,15.8,49.2
2024-02-08 02:34:00,15.9,49.3
2024-02-08 02:35:00,15.8,49.0
2024-02-08 02:36:00,15.9,49.1
2024-02-08 02:37:00,15.7,49.2
2024-02-08 02:38:00,15.8,49.1
2024-02-08 02:39:00,15.9,49.0
2024-02-08 02:40:00,15.8,49.0
2024-02-08 02:41:00,16.1,48.9
2024-02-08 02:42:00,15.9,49.0
2024-02-08 02:43:00,15.7,48.8
2024-02-08 02:44:00,15.8,49.0
2024-02-08 02:45:00,15.9,49.1
2024-02-08 02:46:00,16.0,48.8
2024-02-08 02:47:00,15.7,48.9
2024-02-08 02:48:00,15.8,48.8
2024-02-08 02:49:00,15.6,48.8
2024-02-08 02:50:00,15.8,48.8
2024-02-08 02:51:00,15.9,48.8
2024-02-08 02:52:00,15.9,48.6
2024-02-08 02:53:00,15.7,48.7
2024-02-08 02:54:00,15.9,48.7
2024-02-08 02:55:00,15.9,48.5
2024-02-08 02:56:00,15.9,48.6
2024-02-08 02:57:00,16.0,48.6
2024-02-08 02:58:00,15.9,48.6
2024-02-08 02:59:00,15.8,48.6
2024-02-08 03:00:00,16.0,48.5
2024-02-08 03:01:00,15.8,48.4
2024-02-08 03:02:00,15.9,48.5
2024-02-08 03:03:00,15.9,48.5
2024-02-08 03:04:00,15.9,48.3
2024-02-08 03:05:00,15.9,48.4
2024-02-08 03:06:00,15.7,48.3
2024-02-08 03:07:00,15.9,48.6
2024-02-08 03:08:00,15.8,48.2
2024-02-08 03:09:00,15.9,48.4
2024-02-08 03:10:00,15.8,48.2
2024-02-08 03:11:00,15.8,48.2
2024-02-08 03:12:00,15.7,48.2
2024-02-08 03:13:00,15.7,48.1
2024-02-08 03:14:00,15.8,48.2
2024-02-08 03:15:00,15.9,48.1
2024-02-08 03:16:00,16.1,48.2
2024-02-08 03:17:00,15.7,48.0
2024-02-08 03:18:00,15.8,48.1
2024-02-08 03:19:00,15.8,48.1
2024-02-08 03:20:00,16.0,48.0
2024-02-08 03:21:00,15.8,48.1
2024-02-08 03:22:00,16.0,47.9
2024-02-08 03:23:00,16.0,48.0
2024-02-08 03:24:00,15.9,48.0
2024-02-08 03:25:00,15.8,47.8
2024-02-08 03:26:00,15.8,47.9
2024-02-08 03:27:00,16.0,47.8
2024-02-08 03:28:00,15.9,47.8
2024-02-08 03:29:00,15.9,47.8
2024-02-08 03:30:00,16.0,47.7
2024-02-08 03:31:00,16.1,47.6
2024-02-08 03:32:00,16.0,47.7
2024-02-08 03:33:00,15.8,47.6
2024-02-08 03:34:00,15.9,47.5
2024-02-08 03:35:00,15.8,47.6
2024-02-08 03:36:00,15.7,47.4
2024-02-08 03:37:00,16.0,47.4
2024-02-08 03:38:00,15.9,47.5
2024-02-08 03:39:00,15.8,47.5
2024-02-08 03:40:00,16.1,47.5
2024-02-08 03:41:00,16.0,47.5
2024-02-08 03:42:00,16.0,47.5
2024-02-08 03:43:00,15.9,47.4
2024-02-08 03:44:00,15.9,47.4
2024-02-08 03:45:00,16.0,47.4
2024-02-08 03:46:00,15.9,47.4
2024-02-08 03:47:00,15.9,47.3
2024-02-08 03:48:00,16.1,47.2
2024-02-08 03:49:00,16.2,47.3
2024-02-08 03:50:00,16.0,47.3
2024-02-08 03:51:00,16.1,47.3
2024-02-08 03:52:00,15.9,47.4
2024-02-08 03:53:00,16.0,47.3
2024-02-08 03:54:00,15.9,47.1
2024-02-08 03:55:00,16.0,47.1
2024-02-08 03:56:00,15.8,47.1
2024-02-08 03:57:00,16.1,47.0
2024-02-08 03:58:00,16.0,47.0
2024-02-08 03:59:00,16.0,47.0
2024-02-08 04:00:00,15.8,47.0
2024-02-08 04:01:00,15.9,47.1
2024-02-08 04:02:00,16.0,47.3
2024-02-08 04:03:00,15.9,47.3
2024-02-08 04:04:00,16.0,47.1
2024-02-08 04:05:00,15.8,47.3
2024-02-08 04:06:00,16.0,47.6
2024-02-08 04:07:00,16.0,47.4
2024-02-08 04:08:00,16.0,47.5
2024-02-08 04:09:00,15.9,47.5
2024-02-08 04:10:00,16.0,47.7
2024-02-08 04:11:00,15.9,47.6
2024-02-08 04:12:00,16.0,47.6
2024-02-08 04:13:00,16.0,47.6
2024-02-08 04:14:00,16.0,47.6
2024-02-08 04:15:00,16.0,47.6
2024-02-08 04:16:00,15.9,47.7
2024-02-08 04:17:00,15.9,47.7
2024-02-08 04:18:00,16.0,47.8
2024-02-08 04:19:00,15.9,47.7
2024-02-08 04:20:00,15.9,47.8
2024-02-08 04:21:00,15.9,47.7
2024-02-08 04:22:00,15.8,47.8
2024-02-08 04:23:00,15.9,47.8
2024-02-08 04:24:00,15.9,47.8
2024-02-08 04:25:00,16.0,47.7
2024-02-08 04:26:00,15.9,47.8
2024-02-08 04:27:00,16.0,47.7
2024-02-08 04:28:00,15.8,48.0
2024-02-08 04:29:00,15.9,47.9
2024-02-08 04:30:00,15.9,48.1
2024-02-08 04:31:00,15.7,48.0
2024-02-08 04:32:00,15.8,48.1
2024-02-08 04:33:00,15.9,47.9
2024-02-08 04:34:00,15.9,48.1
2024-02-08 04:35:00,15.7,48.0
2024-02-08 04:36:00,15.8,48.0
2024-02-08 04:37:00,15.8,48.0
2024-02-08 04:38:00,15.8,48.0
2024-02-08 04:39:00,15.9,48.1
2024-02-08 04:40:00,15.9,47.9
2024-02-08 04:41:00,16.0,48.0
2024-02-08 04:42:00,15.9,48.1
2024-02-08 04:43:00,15.9,48.1
2024-02-08 04:44:00,16.0,48.0
2024-02-08 04:45:00,16.0,48.1
2024-02-08 04:46:00,15.9,48.1
2024-02-08 04:47:00,15.8,48.3
2024-02-08 04:48:00,15.9,48.2
2024-02-08 04:49:00,16.0,48.2
2024-02-08 04:50:00,15.7,48.3
2024-02-08 04:51:00,15.7,48.2
2024-02-08 04:52:00,15.9,48.3
2024-02-08 04:53:00,15.8,48.1
2024-02-08 04:54:00,15.8,48.2
2024-02-08 04:55:00,16.0,48.4
2024-02-08 04:56:00,15.8,48.3
2024-02-08 04:57:00,15.9,48.3
2024-02-08 04:58:00,15.9,48.3
2024-02-08 04:59:00,15.9,48.3
2024-02-08 05:00:00,15.8,48.3
2024-02-08 05:01:00,15.7,48.2
2024-02-08 05:02:00,15.8,48.3
2024-02-08 05:03:00,16.0,48.3
2024-02-08 05:04:00,15.7,48.5
2024-02-08 05:05:00,15.7,48.5
2024-02-08 05:06:00,15.9,48.3
2024-02-08 05:07:00,15.9,48.5
2024-02-08 05:08:00,15.9,48.6
2024-02-08 05:09:00,15.9,48.5
2024-02-08 05:10:00,16.0,48.5
2024-02-08 05:11:00,15.9,48.5
2024-02-08 05:12:00,15.8,48.5
2024-02-08 05:13:00,15.8,48.4
2024-02-08 05:14:00,15.8,48.6
2024-02-08 05:15:00,15.9,48.4
2024-02-08 05:16:00,15.8,48.4
2024-02-08 05:17:00,15.9,48.6
2024-02-08 05:18:00,15.9,48.5
2024-02-08 05:19:00,15.7,48.5
2024-02-08 05:20:00,15.9,48.6
2024-02-08 05:21:00,16.0,48.4
2024-02-08 05:22:00,16.0,48.6
2024-02-08 05:23:00,15.8,48.6
2024-02-08 05:24:00,15.9,48.7
2024-02-08 05:25:00,15.9,48.6
2024-02-08 05:26:00,15.8,48.7
2024-02-08 05:27:00,15.8,48.5
2024-02-08 05:28:00,15.9,48.7
2024-02-08 05:29:00,15.9,48.6
2024-02-08 05:30:00,15.9,48.7
2024-02-08 05:31:00,16.0,48.6
2024-02-08 05:32:00,15.9,48.7
2024-02-08 05:33:00,16.0,48.5
2024-02-08 05:34:00,16.0,48.7
2024-02-08 05:35:00,15.8,48.7
2024-02-08 05:36:00,15.9,48.7
2024-02-08 05:37:00,15.9,48.6
2024-02-08 05:38:00,15.7,48.7
2024-02-08 05:39:00,15.8,48.7
2024-02-08 05:40:00,16.0,48.6
2024-02-08 05:41:00,15.9,48.8
2024-02-08 05:42:00,15.9,48.8
2024-02-08 05:43:00,15.8,48.8
2024-02-08 05:44:00,15.8,48.7
2024-02-08 05:45:00,15.9,48.8
2024-02-08 05:46:00,15.9,48.7
2024-02-08 05:47:00,15.9,48.8
2024-02-08 05:48:00,15.8,48.7
2024-02-08 05:49:00,15.7,48.7
2024-02-08 05:50:00,15.9,48.8
2024-02-08 05:51:00,15.9,48.7
2024-02-08 05:52:00,15.9,48.8
2024-02-08 05:53:00,15.7,48.7
2024-02-08 05:54:00,15.8,48.9
2024-02-08 05:55:00,16.0,48.8
2024-02-08 05:56:00,15.8,48.9
2024-02-08 05:57:00,16.0,48.8
2024-02-08 05:58:00,15.8,48.9
2024-02-08 05:59:00,15.8,48.9
2024-02-08 06:00:00,15.9,49.0
2024-02-08 06:01:00,15.7,48.9
2024-02-08 06:02:00,15.9,48.9
2024-02-08 06:03:00,15.9,48.9
2024-02-08 06:04:00,15.8,48.9
2024-02-08 06:05:00,15.6,49.1
2024-02-08 06:06:00,15.9,48.8
2024-02-08 06:07:00,15.8,49.0
2024-02-08 06:08:00,15.8,49.0
2024-02-08 06:09:00,15.8,49.0
2024-02-08 06:10:00,15.8,48.9
2024-02-08 06:11:00,15.6,49.0
2024-02-08 06:12:00,15.7,49.1
2024-02-08 06:13:00,16.0,49.1
2024-02-08 06:14:00,15.7,49.0
2024-02-08 06:15:00,15.9,49.0
2024-02-08 06:16:00,15.8,49.1
2024-02-08 06:17:00,15.8,49.0
2024-02-08 06:18:00,15.8,49.1
2024-02-08 06:19:00,15.8,49.0
2024-02-08 06:20:00,15.7,48.9
2024-02-08 06:21:00,15.7,49.2
2024-02-08 06:22:00,15.9,49.2
2024-02-08 06:23:00,15.8,49.1
2024-02-08 06:24:00,15.9,49.0
2024-02-08 06:25:00,15.8,49.1
2024-02-08 06:26:00,15.8,49.1
2024-02-08 06:27:00,15.7,49.2
2024-02-08 06:28:00,15.7,49.2
2024-02-08 06:29:00,15.9,49.2
2024-02-08 06:30:00,15.9,49.2
2024-02-08 06:31:00,15.6,49.2
2024-02-08 06:32:00,15.7,49.1
2024-02-08 06:33:00,15.8,49.0
2024-02-08 06:34:00,15.8,49.1
2024-02-08 06:35:00,15.8,49.3
2024-02-08 06:36:00,16.0,49.1
2024-02-08 06:37:00,15.7,49.1
2024-02-08 06:38:00,15.9,49.1
2024-02-08 06:39:00,15.7,49.2
2024-02-08 06:40:00,15.7,49.1
2024-02-08 06:41:00,15.6,49.2
2024-02-08 06:42:00,15.8,49.2
2024-02-08 06:43:00,15.8,49.2
2024-02-08 06:44:00,15.9,49.3
2024-02-08 06:45:00,15.8,49.2
2024-02-08 06:46:00,15.6,49.3
2024-02-08 06:47:00,16.0,49.1
2024-02-08 06:48:00,15.9,49.2
2024-02-08 06:49:00,15.6,49.1
2024-02-08 06:50:00,15.7,49.3
2024-02-08 06:51:00,15.8,49.3
2024-02-08 06:52:00,15.5,49.2
2024-02-08 06:53:00,15.7,49.2
2024-02-08 06:54:00,15.7,49.3
2024-02-08 06:55:00,15.9,49.3
2024-02-08 06:56:00,15.6,49.2
2024-02-08 06:57:00,15.9,49.3
2024-02-08 06:58:00,15.9,49.2
2024-02-08 06:59:00,15.8,49.4
